Date,Open,High,Low,Close,Volume,Adj Close
2009-07-01,15.49,15.69,15.35,15.41,12716100,15.41
2009-06-30,15.85,15.90,15.35,15.66,16033900,15.66
2009-06-29,15.86,16.01,15.60,15.90,12324000,15.90
2009-06-26,15.60,15.80,15.48,15.74,26449100,15.74
2009-06-25,15.44,15.67,15.25,15.53,19827800,15.53
2009-06-24,14.76,15.60,14.76,15.45,30979700,15.45
2009-06-23,14.75,14.90,14.55,14.68,15866300,14.68
2009-06-22,15.55,15.61,14.71,14.71,26488700,14.71
2009-06-19,15.50,15.84,15.40,15.80,20323100,15.80
2009-06-18,15.62,15.64,15.23,15.34,16185400,15.34
2009-06-17,15.91,16.030001,15.46,15.60,16521300,15.60
2009-06-16,16.33,16.379999,15.90,15.96,15116000,15.96
2009-06-15,16.559999,16.68,16.129999,16.40,23251700,16.40
2009-06-12,16.17,16.469999,16.10,16.40,16962900,16.40
2009-06-11,16.26,16.459999,16.15,16.190001,15042300,16.190001
2009-06-10,16.700001,16.719999,16.10,16.32,15771200,16.32
2009-06-09,16.23,16.50,16.18,16.40,13083200,16.40
2009-06-08,16.469999,16.49,16.040001,16.190001,13692600,16.190001
2009-06-05,16.77,16.99,16.299999,16.639999,17311400,16.639999
2009-06-04,16.40,16.709999,16.040001,16.65,19001400,16.65
2009-06-03,16.50,16.50,15.67,16.299999,26358100,16.299999
2009-06-02,16.60,16.75,16.25,16.620001,15286700,16.620001
2009-06-01,16.17,16.65,16.129999,16.58,27926100,16.58
2009-05-29,15.19,15.84,15.11,15.84,29557500,15.84
2009-05-28,15.09,15.24,14.69,15.09,19131600,15.09
2009-05-27,15.27,15.53,14.88,14.94,18977400,14.94
2009-05-26,14.68,15.44,14.67,15.28,19953000,15.28
2009-05-22,14.89,15.17,14.75,14.98,19150500,14.98
2009-05-21,14.92,15.12,14.62,14.87,15186800,14.87
2009-05-20,15.08,15.31,14.80,14.96,15781600,14.96
2009-05-19,15.06,15.34,15.02,15.18,13676000,15.18
2009-05-18,15.10,15.18,14.74,15.17,18629500,15.17
2009-05-15,15.00,15.10,14.86,14.91,22525900,14.91
2009-05-14,14.50,14.86,14.40,14.76,20841800,14.76
2009-05-13,14.92,14.95,14.50,14.52,23585400,14.52
2009-05-12,15.50,15.50,14.90,15.10,31403300,15.10
2009-05-11,14.90,15.83,14.81,15.54,39492400,15.54
2009-05-08,14.88,15.30,14.70,15.15,22461200,15.15
2009-05-07,15.03,15.10,14.38,14.80,24328500,14.80
2009-05-06,14.80,15.00,14.52,14.85,19105800,14.85
2009-05-05,14.55,14.99,14.18,14.74,35233200,14.74
2009-05-04,14.20,14.25,13.96,14.18,25094600,14.18
2009-05-01,14.50,14.50,13.91,14.14,23721700,14.14
2009-04-30,14.12,14.60,14.12,14.29,25883300,14.29
2009-04-29,13.70,14.35,13.70,14.02,16570900,14.02
2009-04-28,13.74,14.05,13.60,13.64,18856500,13.64
2009-04-27,14.48,14.55,13.88,13.89,22640600,13.89
2009-04-24,14.79,14.94,14.36,14.73,25803000,14.73
2009-04-23,14.56,14.74,14.11,14.55,32943200,14.55
2009-04-22,14.62,15.39,14.41,14.48,65407800,14.48
2009-04-21,13.94,14.59,13.71,14.38,54237700,14.38
2009-04-20,14.16,14.25,13.60,13.66,13470500,13.66
2009-04-17,14.43,14.52,14.03,14.39,19800400,14.39
2009-04-16,14.15,14.53,14.05,14.43,19156500,14.43
2009-04-15,13.93,14.09,13.77,14.02,12383200,14.02
2009-04-14,14.40,14.42,14.00,14.07,15151700,14.07
2009-04-13,14.02,14.54,13.86,14.42,35067600,14.42
2009-04-09,13.14,13.59,13.07,13.47,17285800,13.47
2009-04-08,12.90,13.01,12.75,12.92,11241000,12.92
2009-04-07,13.00,13.10,12.68,12.81,12306400,12.81
2009-04-06,13.08,13.24,12.99,13.23,11935700,13.23
2009-04-03,12.95,13.39,12.78,13.34,18534900,13.34
2009-04-02,13.04,13.14,12.80,12.95,28823100,12.95
2009-04-01,12.70,13.12,12.60,12.75,14540400,12.75
2009-03-31,12.76,13.10,12.67,12.81,12066000,12.81
2009-03-30,12.93,13.14,12.51,12.70,16558800,12.70
2009-03-27,13.17,13.61,13.12,13.18,22426200,13.18
2009-03-26,13.55,13.61,13.00,13.35,24223400,13.35
2009-03-25,13.69,13.88,13.35,13.55,16746400,13.55
2009-03-24,13.98,14.02,13.56,13.63,17293600,13.63
2009-03-23,13.79,14.12,13.62,14.09,18200000,14.09
2009-03-20,13.63,13.87,13.51,13.60,22079300,13.60
2009-03-19,13.68,14.14,13.61,13.74,25954300,13.74
2009-03-18,13.81,13.95,13.23,13.42,26324300,13.42
2009-03-17,13.35,14.04,13.22,13.99,16719400,13.99
2009-03-16,13.66,13.66,13.20,13.22,19448800,13.22
2009-03-13,13.58,13.64,13.27,13.51,12522600,13.51
2009-03-12,13.35,13.60,13.10,13.60,16682500,13.60
2009-03-11,13.31,13.50,13.03,13.39,17505000,13.39
2009-03-10,12.81,13.40,12.75,13.23,22730900,13.23
2009-03-09,12.85,13.45,12.55,12.66,23119700,12.66
2009-03-06,12.60,13.18,12.52,13.05,30994200,13.05
2009-03-05,12.77,13.07,12.48,12.53,18477000,12.53
2009-03-04,12.72,13.49,12.51,13.16,24076200,13.16
2009-03-03,12.79,12.87,12.31,12.50,16509700,12.50
2009-03-02,12.85,12.97,12.47,12.58,20934900,12.58
2009-02-27,12.66,13.33,12.61,13.23,20392600,13.23
2009-02-26,12.88,13.39,12.74,12.98,26571900,12.98
2009-02-25,12.45,12.79,12.30,12.48,16195700,12.48
2009-02-24,12.57,12.86,12.27,12.75,22529300,12.75
2009-02-23,12.20,12.35,11.83,11.97,16517300,11.97
2009-02-20,11.90,12.27,11.75,12.14,16485500,12.14
2009-02-19,12.35,12.59,11.93,11.98,12537600,11.98
2009-02-18,12.12,12.53,12.07,12.22,12434300,12.22
2009-02-17,12.31,12.58,12.01,12.02,15708400,12.02
2009-02-13,12.67,12.99,12.59,12.84,11139300,12.84
2009-02-12,12.50,12.66,12.14,12.66,15452500,12.66
2009-02-11,12.87,12.91,12.38,12.63,13726600,12.63
2009-02-10,13.54,13.90,12.72,12.75,24148400,12.75
2009-02-09,13.59,14.00,13.47,13.90,15686200,13.90
2009-02-06,13.41,13.84,13.20,13.63,17594600,13.63
2009-02-05,12.93,13.52,12.85,13.51,17566800,13.51
2009-02-04,12.67,13.23,12.55,13.00,22933800,13.00
2009-02-03,12.30,12.71,12.01,12.68,18669700,12.68
2009-02-02,11.50,12.32,11.49,12.15,21223000,12.15
2009-01-30,11.86,12.15,11.51,11.73,21508900,11.73
2009-01-29,12.02,12.24,11.73,11.74,22124100,11.74
2009-01-28,12.23,12.38,11.92,12.24,35686800,12.24
2009-01-27,11.20,11.37,10.85,11.34,33708200,11.34
2009-01-26,11.26,11.28,10.81,11.17,16469800,11.17
2009-01-23,10.90,11.55,10.86,11.32,15864000,11.32
2009-01-22,11.35,11.51,10.90,11.28,17201700,11.28
2009-01-21,11.17,11.59,11.08,11.59,15892200,11.59
2009-01-20,11.72,11.80,11.01,11.01,18692000,11.01
2009-01-16,11.87,11.97,11.44,11.59,24783700,11.59
2009-01-15,12.32,12.35,11.22,11.61,25247500,11.61
2009-01-14,12.26,12.53,11.81,12.41,23595200,12.41
2009-01-13,12.09,12.79,11.78,12.10,25720400,12.10
2009-01-12,13.09,13.10,12.08,12.22,19976900,12.22
2009-01-09,13.42,13.56,12.90,13.13,19281000,13.13
2009-01-08,12.37,13.07,12.31,13.07,14355000,13.07
2009-01-07,12.71,13.16,12.45,12.71,24995900,12.71
2009-01-06,12.96,13.24,12.88,13.00,10056000,13.00
2009-01-05,12.72,13.01,12.39,12.86,11989900,12.86
2009-01-02,12.17,12.85,12.12,12.85,9514600,12.85
2008-12-31,11.95,12.30,11.92,12.20,9085500,12.20
2008-12-30,11.91,12.00,11.72,11.97,7480600,11.97
2008-12-29,12.46,12.46,11.45,11.88,9913500,11.88
2008-12-26,12.30,12.38,12.18,12.34,3873900,12.34
2008-12-24,12.41,12.48,12.29,12.32,2500100,12.32
2008-12-23,12.47,12.65,12.25,12.42,7474700,12.42
2008-12-22,13.03,13.08,12.00,12.35,12946400,12.35
2008-12-19,12.92,13.32,12.72,13.03,17551900,13.03
2008-12-18,13.13,13.27,12.70,12.72,14997900,12.72
2008-12-17,13.00,13.43,12.83,13.11,12783000,13.11
2008-12-16,12.88,13.48,12.88,13.36,18544100,13.36
2008-12-15,13.10,13.29,12.55,12.73,20131100,12.73
2008-12-12,12.31,13.23,12.15,13.15,24636700,13.15
2008-12-11,13.16,13.36,12.57,12.73,26528700,12.73
2008-12-10,12.67,13.57,12.35,13.40,46696000,13.40
2008-12-09,11.90,12.54,11.77,12.19,28943400,12.19
2008-12-08,12.17,12.49,11.79,12.20,33782200,12.20
2008-12-05,10.96,11.70,10.62,11.66,19973900,11.66
2008-12-04,11.38,11.48,10.70,11.05,18447800,11.05
2008-12-03,11.12,11.50,10.74,11.50,24094600,11.50
2008-12-02,10.81,12.50,10.50,11.50,46254900,11.50
2008-12-01,11.82,11.98,10.73,10.74,26242500,10.74
2008-11-28,10.76,11.59,10.65,11.51,12397600,11.51
2008-11-26,9.93,10.58,9.92,10.58,13640000,10.58
2008-11-25,10.12,10.20,9.83,10.07,16889200,10.07
2008-11-24,9.56,10.27,9.42,10.21,22452600,10.21
2008-11-21,9.28,9.48,8.95,9.39,29895300,9.39
2008-11-20,9.10,10.01,8.94,8.95,37311800,8.95
2008-11-19,11.54,11.58,9.07,9.14,57680800,9.14
2008-11-18,11.93,12.40,11.00,11.55,51671000,11.55
2008-11-17,10.50,10.94,10.32,10.63,14601400,10.63
2008-11-14,10.84,11.50,10.63,10.82,19072400,10.82
2008-11-13,10.32,11.17,9.76,11.15,25212700,11.15
2008-11-12,11.01,11.34,10.02,10.34,29046700,10.34
2008-11-11,11.56,11.67,11.06,11.35,33294600,11.35
2008-11-10,12.37,12.40,11.57,11.87,16708100,11.87
2008-11-07,12.45,12.50,11.65,12.20,47280400,12.20
2008-11-06,14.84,14.89,13.75,13.96,44431700,13.96
2008-11-05,13.21,14.84,13.15,13.92,71264100,13.92
2008-11-04,13.05,13.49,12.84,13.35,24980000,13.35
2008-11-03,12.74,12.89,12.55,12.75,10385600,12.75
2008-10-31,13.09,13.36,12.71,12.82,24017600,12.82
2008-10-30,12.53,13.18,12.25,12.93,26757100,12.93
2008-10-29,12.20,12.61,11.92,12.14,21443000,12.14
2008-10-28,11.89,12.40,11.25,12.36,22795700,12.36
2008-10-27,11.82,12.19,11.50,11.58,16372300,11.58
2008-10-24,11.31,12.33,11.31,12.10,29718100,12.10
2008-10-23,12.15,12.70,11.55,12.65,27751300,12.65
2008-10-22,12.36,12.84,12.35,12.39,35671000,12.39
2008-10-21,12.62,12.74,12.04,12.07,28385500,12.07
2008-10-20,13.03,13.03,12.33,12.86,25010600,12.86
2008-10-17,12.88,13.50,12.68,12.90,38974800,12.90
2008-10-16,11.90,13.73,11.37,12.99,107674200,12.99
2008-10-15,12.49,12.55,11.75,11.75,27529900,11.75
2008-10-14,13.78,13.93,12.37,12.65,26909700,12.65
2008-10-13,13.14,13.51,12.56,13.49,26049700,13.49
2008-10-10,12.22,12.92,11.96,12.29,38683200,12.29
2008-10-09,13.90,13.90,12.47,12.65,40808900,12.65
2008-10-08,13.80,14.58,13.20,13.76,31651100,13.76
2008-10-07,15.19,15.49,14.53,14.58,27696400,14.58
2008-10-06,15.27,16.07,14.55,15.31,42862100,15.31
2008-10-03,15.81,16.440001,15.75,16.00,25824900,16.00
2008-10-02,16.77,16.85,15.54,15.58,23416200,15.58
2008-10-01,17.17,17.309999,16.799999,16.959999,13725000,16.959999
2008-09-30,17.15,17.620001,17.00,17.299999,23672300,17.299999
2008-09-29,18.77,18.92,16.879999,16.879999,39570300,16.879999
2008-09-26,18.75,19.25,18.65,18.92,14922800,18.92
2008-09-25,19.09,19.559999,18.969999,19.200001,14512100,19.200001
2008-09-24,18.90,19.190001,18.82,19.15,12766200,19.15
2008-09-23,18.709999,19.129999,18.67,18.93,20230100,18.93
2008-09-22,19.60,19.60,18.639999,18.68,16911900,18.68
2008-09-19,20.58,20.790001,19.27,19.889999,31649100,19.889999
2008-09-18,18.790001,20.82,18.49,20.82,37286300,20.82
2008-09-17,18.969999,19.08,18.200001,18.82,28819300,18.82
2008-09-16,18.25,19.35,18.24,19.26,33897000,19.26
2008-09-15,18.27,19.139999,18.25,18.85,32567200,18.85
2008-09-12,18.43,19.17,18.34,19.08,21301100,19.08
2008-09-11,17.40,18.57,17.33,18.549999,28408000,18.549999
2008-09-10,17.629999,17.790001,17.25,17.700001,19619600,17.700001
2008-09-09,18.139999,18.190001,17.530001,17.58,25271700,17.58
2008-09-08,18.33,18.370001,17.870001,18.26,16447400,18.26
2008-09-05,17.92,18.34,17.799999,18.08,17089100,18.08
2008-09-04,18.709999,18.809999,17.75,17.75,23892500,17.75
2008-09-03,18.85,19.00,18.700001,18.76,11557100,18.76
2008-09-02,19.629999,19.77,18.74,18.75,16943700,18.75
2008-08-29,19.540001,19.60,19.280001,19.379999,11204900,19.379999
2008-08-28,19.48,19.76,19.379999,19.65,11729500,19.65
2008-08-27,19.08,19.450001,18.93,19.370001,9300100,19.370001
2008-08-26,19.120001,19.200001,19.00,19.09,8770500,19.09
2008-08-25,19.34,19.40,19.049999,19.09,13779300,19.09
2008-08-22,19.110001,19.68,19.10,19.530001,11087500,19.530001
2008-08-21,19.059999,19.18,18.870001,19.110001,16995100,19.110001
2008-08-20,19.57,19.65,19.10,19.17,16426500,19.17
2008-08-19,19.780001,19.91,19.41,19.42,12851000,19.42
2008-08-18,20.469999,20.52,19.66,19.73,14867400,19.73
2008-08-15,20.27,20.82,20.27,20.440001,14945100,20.440001
2008-08-14,20.200001,20.57,20.139999,20.280001,11103300,20.280001
2008-08-13,20.33,20.48,20.059999,20.360001,11954500,20.360001
2008-08-12,20.209999,20.60,20.040001,20.43,13883700,20.43
2008-08-11,19.889999,20.280001,19.65,20.26,12903700,20.26
2008-08-08,20.190001,20.190001,19.870001,19.90,13640000,19.90
2008-08-07,19.799999,20.25,19.639999,20.190001,14017500,20.190001
2008-08-06,19.77,20.18,19.530001,20.00,14699000,20.00
2008-08-05,19.700001,19.91,19.530001,19.82,14415200,19.82
2008-08-04,19.77,19.77,19.209999,19.379999,14064400,19.379999
2008-08-01,20.09,20.120001,19.530001,19.799999,19777000,19.799999
2008-07-31,19.889999,20.15,19.85,19.889999,16621100,19.889999
2008-07-30,20.18,20.18,19.959999,20.030001,25016800,20.030001
2008-07-29,20.01,20.34,19.68,20.15,17023800,20.15
2008-07-28,20.99,21.17,20.059999,20.120001,13733800,20.120001
2008-07-25,20.549999,21.190001,20.280001,21.129999,20406200,21.129999
2008-07-24,20.610001,21.059999,20.049999,20.530001,24422500,20.530001
2008-07-23,21.91,22.48,20.00,20.389999,48279700,20.389999
2008-07-22,21.389999,21.700001,20.85,21.40,29786500,21.40
2008-07-21,21.66,22.190001,21.65,21.67,24645600,21.67
2008-07-18,22.549999,22.549999,21.860001,22.450001,23375400,22.450001
2008-07-17,23.49,23.49,22.41,22.440001,31947900,22.440001
2008-07-16,21.700001,22.60,21.59,22.48,20738700,22.48
2008-07-15,21.790001,22.08,21.18,21.540001,25740900,21.540001
2008-07-14,23.120001,23.24,22.219999,22.57,22785000,22.57
2008-07-11,23.00,23.889999,22.639999,23.57,23141900,23.57
2008-07-10,23.76,24.10,23.040001,23.50,18501800,23.50
2008-07-09,24.74,24.799999,23.82,23.82,21980400,23.82
2008-07-08,23.83,24.66,23.809999,24.639999,34234600,24.639999
2008-07-07,23.40,24.25,22.92,23.91,84245900,23.91
2008-07-03,21.35,21.75,21.030001,21.35,21923800,21.35
2008-07-02,21.889999,21.90,20.67,20.879999,58418100,20.879999
2008-07-01,20.48,20.49,19.59,20.200001,36634700,20.200001
2008-06-30,21.120001,21.200001,20.60,20.66,17173500,20.66
2008-06-27,21.290001,21.459999,20.700001,21.33,30236800,21.33
2008-06-26,21.59,21.889999,21.280001,21.370001,23993900,21.370001
2008-06-25,22.00,22.24,21.860001,22.01,19530900,22.01
2008-06-24,21.17,23.709999,20.60,22.040001,85211700,22.040001
2008-06-23,22.07,22.120001,21.299999,21.450001,29819200,21.450001
2008-06-20,22.49,22.530001,21.90,21.99,34606900,21.99
2008-06-19,22.780001,22.870001,22.370001,22.73,19001300,22.73
2008-06-18,23.219999,23.219999,22.629999,22.91,14255900,22.91
2008-06-17,23.58,23.58,22.90,23.25,22808800,23.25
2008-06-16,22.950001,23.58,22.709999,23.540001,44711900,23.540001
2008-06-13,22.82,23.48,21.75,23.469999,118467700,23.469999
2008-06-12,26.33,26.33,22.50,23.52,122412100,23.52
2008-06-11,26.42,26.459999,26.00,26.15,13315400,26.15
2008-06-10,26.32,26.58,26.25,26.40,11854000,26.40
2008-06-09,26.50,26.860001,26.10,26.58,17278300,26.58
2008-06-06,26.50,27.08,26.030001,26.440001,37758400,26.440001
2008-06-05,26.459999,26.639999,25.969999,26.360001,30167300,26.360001
2008-06-04,26.25,27.049999,26.16,26.85,29973600,26.85
2008-06-03,26.360001,26.60,25.780001,26.15,25586000,26.15
2008-06-02,26.799999,26.809999,26.030001,26.40,26379400,26.40
2008-05-30,27.07,27.10,26.629999,26.76,17771800,26.76
2008-05-29,27.34,27.360001,27.00,27.07,17905300,27.07
2008-05-28,27.42,27.48,26.950001,27.16,21785600,27.16
2008-05-27,27.50,27.629999,26.98,27.00,20703900,27.00
2008-05-23,27.48,27.74,27.26,27.719999,24035700,27.719999
2008-05-22,27.299999,27.610001,26.950001,27.530001,24737400,27.530001
2008-05-21,27.34,27.950001,26.799999,27.33,38317200,27.33
2008-05-20,27.68,28.200001,27.32,27.48,29450900,27.48
2008-05-19,27.90,28.33,27.42,27.68,55348600,27.68
2008-05-16,27.73,27.950001,27.41,27.66,61318300,27.66
2008-05-15,27.540001,27.98,26.85,27.75,79748700,27.75
2008-05-14,26.950001,27.360001,26.200001,27.139999,64571100,27.139999
2008-05-13,25.15,26.84,24.389999,26.559999,81351200,26.559999
2008-05-12,25.799999,25.879999,25.02,25.26,41319400,25.26
2008-05-09,26.01,26.190001,25.75,25.93,30686900,25.93
2008-05-08,25.66,26.440001,25.51,26.219999,61308600,26.219999
2008-05-07,25.57,25.709999,25.030001,25.639999,84698300,25.639999
2008-05-06,25.540001,26.25,24.200001,25.719999,180100000,25.719999
2008-05-05,23.049999,24.93,22.969999,24.370001,279318400,24.370001
2008-05-02,27.65,29.73,27.209999,28.67,80447300,28.67
2008-05-01,27.690001,28.34,26.50,26.809999,52071000,26.809999
2008-04-30,27.17,27.780001,26.76,27.41,31034100,27.41
2008-04-29,26.35,27.48,25.809999,27.360001,36678000,27.360001
2008-04-28,27.00,27.09,26.25,26.43,20869300,26.43
2008-04-25,26.85,26.93,26.08,26.799999,50523100,26.799999
2008-04-24,28.01,28.08,27.24,27.299999,25944000,27.299999
2008-04-23,28.24,28.35,27.709999,28.08,31134400,28.08
2008-04-22,28.73,28.879999,28.440001,28.540001,28564000,28.540001
2008-04-21,28.52,28.68,28.219999,28.549999,18368700,28.549999
2008-04-18,28.440001,28.67,28.17,28.43,25292200,28.43
2008-04-17,28.40,28.40,27.959999,28.030001,10848800,28.030001
2008-04-16,28.110001,28.40,28.110001,28.309999,9204900,28.309999
2008-04-15,28.049999,28.25,27.77,28.17,12096600,28.17
2008-04-14,28.18,28.34,27.790001,27.799999,14159500,27.799999
2008-04-11,28.41,28.610001,28.09,28.34,18433700,28.34
2008-04-10,28.389999,28.690001,28.280001,28.59,32671200,28.59
2008-04-09,27.799999,27.950001,27.129999,27.77,31768300,27.77
2008-04-08,27.719999,27.82,27.49,27.700001,17935600,27.700001
2008-04-07,27.799999,28.15,27.57,27.700001,29455100,27.700001
2008-04-04,28.00,28.450001,27.59,28.360001,28290700,28.360001
2008-04-03,27.65,28.219999,27.58,28.129999,14535400,28.129999
2008-04-02,28.57,28.60,27.49,27.82,30180400,27.82
2008-04-01,28.07,28.620001,28.02,28.50,20483600,28.50
2008-03-31,28.559999,29.120001,28.27,28.93,17224600,28.93
2008-03-28,28.32,29.09,28.15,28.99,34274200,28.99
2008-03-27,28.49,28.50,27.90,28.09,15558400,28.09
2008-03-26,28.629999,28.780001,28.190001,28.49,15271500,28.49
2008-03-25,28.139999,28.75,27.700001,28.73,33759600,28.73
2008-03-24,27.559999,28.07,27.450001,27.52,17360800,27.52
2008-03-20,27.360001,27.91,26.98,27.66,29864500,27.66
2008-03-19,27.559999,27.790001,26.91,27.07,23317500,27.07
2008-03-18,26.940001,27.719999,26.25,27.66,38074400,27.66
2008-03-17,26.50,26.639999,25.719999,25.85,33771900,25.85
2008-03-14,27.85,27.959999,26.50,26.709999,44386000,26.709999
2008-03-13,28.07,28.27,27.379999,27.50,75429000,27.50
2008-03-12,28.889999,29.02,28.389999,28.450001,18338300,28.450001
2008-03-11,28.91,29.16,28.43,29.00,22077400,29.00
2008-03-10,28.870001,28.98,28.51,28.51,29698500,28.51
2008-03-07,28.58,29.18,28.50,29.030001,28266000,29.030001
2008-03-06,28.639999,28.98,28.440001,28.700001,34591000,28.700001
2008-03-05,28.00,28.780001,28.00,28.67,30280100,28.67
2008-03-04,27.799999,28.07,27.43,28.059999,28305000,28.059999
2008-03-03,27.73,28.08,27.66,27.77,22765100,27.77
2008-02-29,27.940001,28.41,27.50,27.780001,23860500,27.780001
2008-02-28,27.98,28.82,27.959999,28.15,30113200,28.15
2008-02-27,28.33,28.49,27.75,28.370001,27664100,28.370001
2008-02-26,27.93,28.549999,27.809999,28.219999,26013000,28.219999
2008-02-25,28.42,28.57,27.75,28.129999,32470600,28.129999
2008-02-22,28.360001,28.639999,27.98,28.42,26157800,28.42
2008-02-21,28.76,29.17,28.25,28.42,34681900,28.42
2008-02-20,28.709999,29.040001,28.389999,28.83,29338800,28.83
2008-02-19,29.34,29.42,28.75,29.01,38679600,29.01
2008-02-15,29.950001,30.15,29.43,29.66,40125200,29.66
2008-02-14,29.98,30.25,29.75,29.98,38045600,29.98
2008-02-13,29.780001,30.07,29.60,29.879999,57047700,29.879999
2008-02-12,29.809999,29.84,29.40,29.57,42445600,29.57
2008-02-11,29.889999,30.049999,29.32,29.870001,67253700,29.870001
2008-02-08,28.98,29.219999,28.709999,29.200001,55618900,29.200001
2008-02-07,28.629999,29.190001,28.60,29.040001,44248800,29.040001
2008-02-06,29.110001,29.33,28.530001,28.57,55648800,28.57
2008-02-05,28.780001,29.57,28.75,28.98,68583700,28.98
2008-02-04,28.33,29.50,28.33,29.33,144814000,29.33
2008-02-01,28.68,29.83,27.34,28.379999,438248800,28.379999
2008-01-31,18.870001,19.35,18.719999,19.18,41449800,19.18
2008-01-30,18.620001,20.809999,18.58,19.049999,115993300,19.049999
2008-01-29,20.870001,20.90,20.049999,20.809999,79230000,20.809999
2008-01-28,21.559999,21.90,20.42,20.780001,32473100,20.780001
2008-01-25,22.24,22.370001,21.32,21.940001,28386800,21.940001
2008-01-24,20.440001,21.75,20.42,21.690001,39823300,21.690001
2008-01-23,19.25,20.34,18.719999,20.01,42064200,20.01
2008-01-22,19.290001,21.030001,19.26,19.860001,38126200,19.860001
2008-01-18,21.27,21.610001,20.07,20.780001,41239300,20.780001
2008-01-17,22.00,22.17,21.139999,21.219999,28812600,21.219999
2008-01-16,22.200001,22.75,21.73,21.950001,38155300,21.950001
2008-01-15,23.00,23.49,22.57,22.91,31911000,22.91
2008-01-14,23.51,23.76,23.18,23.700001,18552900,23.700001
2008-01-11,23.809999,24.129999,22.98,23.360001,27297400,23.360001
2008-01-10,23.190001,24.57,22.83,24.09,52342100,24.09
2008-01-09,22.469999,22.799999,21.370001,22.559999,46662700,22.559999
2008-01-08,23.280001,23.65,22.50,22.610001,22974000,22.610001
2008-01-07,23.120001,23.559999,22.73,23.18,24769400,23.18
2008-01-04,23.809999,23.809999,23.10,23.16,20745800,23.16
2008-01-03,23.860001,24.190001,23.700001,23.84,20179700,23.84
2008-01-02,23.799999,24.15,23.60,23.719999,25671700,23.719999
2007-12-31,23.219999,23.43,23.110001,23.26,14782600,23.26
2007-12-28,23.66,23.709999,23.209999,23.450001,13773000,23.450001
2007-12-27,23.60,24.15,23.57,23.709999,16041500,23.709999
2007-12-26,23.85,24.25,23.85,23.959999,9821600,23.959999
2007-12-24,24.01,24.190001,23.940001,24.049999,24861800,24.049999
2007-12-21,23.879999,24.10,23.74,24.01,24094600,24.01
2007-12-20,23.50,23.799999,23.24,23.639999,21030700,23.639999
2007-12-19,22.92,23.690001,22.92,23.309999,26547300,23.309999
2007-12-18,23.219999,23.35,22.799999,23.02,27735600,23.02
2007-12-17,23.799999,24.030001,22.940001,23.040001,37877100,23.040001
2007-12-14,24.129999,24.469999,24.00,24.059999,15125500,24.059999
2007-12-13,24.389999,24.75,24.190001,24.379999,23787400,24.379999
2007-12-12,24.82,25.00,24.110001,24.540001,20241200,24.540001
2007-12-11,25.15,25.65,24.360001,24.469999,28579100,24.469999
2007-12-10,25.51,25.57,24.92,25.200001,26074900,25.200001
2007-12-07,25.860001,26.110001,25.50,25.629999,11443200,25.629999
2007-12-06,25.879999,26.02,25.389999,25.959999,19236500,25.959999
2007-12-05,26.629999,26.73,25.73,25.98,21170900,25.98
2007-12-04,26.139999,26.73,26.110001,26.42,14668800,26.42
2007-12-03,26.639999,27.200001,26.559999,26.610001,15250100,26.610001
2007-11-30,26.959999,27.33,26.51,26.809999,23994000,26.809999
2007-11-29,26.01,26.709999,25.91,26.629999,17929700,26.629999
2007-11-28,26.030001,26.700001,25.93,26.200001,23239300,26.200001
2007-11-27,25.18,26.00,25.17,25.59,19484500,25.59
2007-11-26,26.08,26.25,25.200001,25.219999,24174600,25.219999
2007-11-23,25.98,26.40,25.76,26.129999,9249400,26.129999
2007-11-21,26.110001,26.58,25.52,25.709999,23320100,25.709999
2007-11-20,26.93,27.25,25.98,26.719999,25672500,26.719999
2007-11-19,27.110001,27.35,26.35,26.76,33066200,26.76
2007-11-16,25.66,27.129999,25.10,26.82,53044400,26.82
2007-11-15,24.940001,25.75,24.90,25.42,27920800,25.42
2007-11-14,26.42,26.440001,25.00,25.07,38183700,25.07
2007-11-13,25.530001,26.24,25.299999,26.10,34123300,26.10
2007-11-12,25.799999,26.200001,24.690001,24.780001,31264200,24.780001
2007-11-09,26.129999,26.379999,25.40,25.790001,45199700,25.790001
2007-11-08,28.110001,28.24,25.82,26.700001,58160600,26.700001
2007-11-07,29.27,29.299999,27.559999,27.629999,57069800,27.629999
2007-11-06,31.76,31.790001,29.00,29.93,63664400,29.93
2007-11-05,30.709999,32.369999,30.35,31.360001,43520300,31.360001
2007-11-02,30.540001,31.209999,29.639999,31.110001,34090300,31.110001
2007-11-01,30.860001,31.10,30.040001,30.219999,26913300,30.219999
2007-10-31,31.50,31.75,30.50,31.10,34762000,31.10
2007-10-30,31.549999,31.639999,30.120001,30.83,52417300,30.83
2007-10-29,34.07,34.080002,31.18,31.790001,83685800,31.790001
2007-10-26,32.43,33.990002,31.610001,33.630001,66018100,33.630001
2007-10-25,30.75,31.620001,30.50,31.34,38706600,31.34
2007-10-24,30.68,30.98,30.00,30.68,33603100,30.68
2007-10-23,30.120001,30.879999,30.030001,30.639999,45406200,30.639999
2007-10-22,28.93,30.00,28.799999,29.85,27750100,29.85
2007-10-19,29.360001,29.959999,28.85,29.030001,41933000,29.030001
2007-10-18,28.59,29.60,28.469999,29.35,28152200,29.35
2007-10-17,29.10,29.200001,28.00,28.82,75067700,28.82
2007-10-16,27.370001,27.48,26.549999,26.690001,56275300,26.690001
2007-10-15,28.32,28.40,27.459999,27.860001,22994100,27.860001
2007-10-12,27.76,28.51,27.65,28.48,22130500,28.48
2007-10-11,28.440001,28.68,27.50,27.65,25298300,27.65
2007-10-10,28.43,28.700001,27.90,28.360001,14847100,28.360001
2007-10-09,28.35,28.76,27.940001,28.370001,19539500,28.370001
2007-10-08,28.01,28.17,27.75,28.049999,15060700,28.049999
2007-10-05,27.780001,28.16,27.75,27.879999,28389600,27.879999
2007-10-04,27.190001,27.290001,26.90,27.15,19203600,27.15
2007-10-03,27.16,27.379999,26.82,27.17,18052500,27.17
2007-10-02,27.200001,27.24,26.620001,26.950001,15133400,26.950001
2007-10-01,26.76,27.10,26.73,27.040001,16938700,27.040001
2007-09-28,26.49,26.889999,26.200001,26.84,22155600,26.84
2007-09-27,26.950001,26.950001,26.17,26.27,21365200,26.27
2007-09-26,26.700001,27.07,26.50,26.700001,18692400,26.700001
2007-09-25,25.700001,26.65,25.629999,26.51,33721300,26.51
2007-09-24,26.129999,26.40,25.51,25.73,27597800,25.73
2007-09-21,25.540001,26.209999,25.290001,26.049999,53074900,26.049999
2007-09-20,25.280001,25.610001,25.16,25.290001,17312000,25.290001
2007-09-19,25.09,25.370001,24.809999,25.290001,25867900,25.290001
2007-09-18,25.059999,25.209999,24.530001,25.059999,28121000,25.059999
2007-09-17,24.50,25.10,24.379999,24.950001,20594000,24.950001
2007-09-14,23.690001,25.00,23.65,24.73,28868600,24.73
2007-09-13,23.60,23.959999,23.60,23.719999,10309000,23.719999
2007-09-12,23.639999,23.940001,23.530001,23.559999,16553700,23.559999
2007-09-11,23.309999,23.84,23.309999,23.709999,17207500,23.709999
2007-09-10,23.85,23.85,23.10,23.299999,15246000,23.299999
2007-09-07,23.76,24.049999,23.60,23.76,12591900,23.76
2007-09-06,24.219999,24.32,23.620001,24.15,13922100,24.15
2007-09-05,24.10,24.40,23.91,24.10,23071000,24.10
2007-09-04,23.299999,24.50,23.200001,23.969999,43598600,23.969999
2007-08-31,22.809999,22.83,22.51,22.73,13052500,22.73
2007-08-30,22.49,22.91,22.379999,22.610001,18172500,22.610001
2007-08-29,22.60,22.690001,22.27,22.549999,24599900,22.549999
2007-08-28,22.950001,23.10,22.50,22.52,18030600,22.52
2007-08-27,23.59,23.76,23.01,23.030001,16523800,23.030001
2007-08-24,23.030001,23.73,23.030001,23.59,11191100,23.59
2007-08-23,23.35,23.360001,22.950001,23.129999,15603000,23.129999
2007-08-22,23.219999,23.52,23.18,23.23,18763700,23.23
2007-08-21,23.25,23.48,22.91,23.040001,25962900,23.040001
2007-08-20,23.639999,23.74,23.18,23.34,13338900,23.34
2007-08-17,23.26,23.629999,22.76,23.540001,19528200,23.540001
2007-08-16,23.00,23.15,22.50,22.76,29652200,22.76
2007-08-15,23.559999,24.00,23.25,23.32,18767700,23.32
2007-08-14,24.690001,24.700001,23.690001,23.719999,18707100,23.719999
2007-08-13,24.209999,24.74,24.01,24.57,21317600,24.57
2007-08-10,23.93,24.219999,23.52,23.940001,22939800,23.940001
2007-08-09,23.67,24.450001,23.51,23.799999,24052500,23.799999
2007-08-08,23.459999,23.870001,23.43,23.870001,17198000,23.870001
2007-08-07,22.75,23.700001,22.690001,23.440001,20075300,23.440001
2007-08-06,23.030001,23.15,22.440001,22.969999,28948000,22.969999
2007-08-03,23.200001,23.389999,22.870001,22.92,19702100,22.92
2007-08-02,22.65,23.700001,22.65,23.360001,21098900,23.360001
2007-08-01,23.17,23.40,22.85,23.25,22030400,23.25
2007-07-31,23.879999,23.93,23.24,23.25,21575800,23.25
2007-07-30,23.549999,23.879999,23.379999,23.620001,20976600,23.620001
2007-07-27,23.98,24.49,23.469999,23.49,35783800,23.49
2007-07-26,24.40,24.49,23.620001,24.030001,33373300,24.030001
2007-07-25,25.01,25.32,24.59,24.68,21882400,24.68
2007-07-24,24.799999,25.34,24.73,24.84,28981000,24.84
2007-07-23,25.43,25.459999,24.98,24.99,26631500,24.99
2007-07-20,25.700001,25.889999,25.200001,25.35,38056100,25.35
2007-07-19,26.32,26.34,25.92,26.030001,29537900,26.030001
2007-07-18,26.07,26.719999,26.02,26.200001,65125900,26.200001
2007-07-17,26.74,27.799999,26.700001,27.530001,53656100,27.530001
2007-07-16,26.48,26.74,26.129999,26.700001,30804500,26.700001
2007-07-13,26.870001,26.969999,26.50,26.58,18522700,26.58
2007-07-12,26.700001,26.969999,26.34,26.959999,20082300,26.959999
2007-07-11,27.030001,27.049999,26.549999,26.690001,21970700,26.690001
2007-07-10,27.09,27.57,26.959999,26.969999,24635500,26.969999
2007-07-09,26.92,27.33,26.82,27.200001,17515800,27.200001
2007-07-06,27.01,27.139999,26.93,27.10,12284500,27.10
2007-07-05,26.92,27.139999,26.90,26.99,16071900,26.99
2007-07-03,26.950001,27.25,26.90,27.00,11643400,27.00
2007-07-02,27.190001,27.27,26.76,26.860001,21011000,26.860001
2007-06-29,27.209999,27.379999,26.93,27.129999,13842500,27.129999
2007-06-28,27.440001,27.49,27.120001,27.25,17124500,27.25
2007-06-27,27.51,27.66,27.40,27.58,13997000,27.58
2007-06-26,27.73,28.18,27.360001,27.709999,25324000,27.709999
2007-06-25,27.60,27.77,27.34,27.639999,21232200,27.639999
2007-06-22,27.68,27.790001,27.309999,27.379999,33796900,27.379999
2007-06-21,27.690001,27.940001,27.549999,27.67,17885800,27.67
2007-06-20,27.889999,28.17,27.66,27.66,33496400,27.66
2007-06-19,29.40,29.40,27.540001,27.629999,65967500,27.629999
2007-06-18,27.719999,28.34,27.50,28.120001,70919400,28.120001
2007-06-15,27.49,27.52,27.190001,27.309999,23816900,27.309999
2007-06-14,27.379999,27.639999,27.15,27.299999,18919400,27.299999
2007-06-13,27.120001,27.41,26.610001,27.379999,31210700,27.379999
2007-06-12,27.299999,27.66,26.98,27.049999,22203600,27.049999
2007-06-11,27.27,27.52,27.15,27.35,14856500,27.35
2007-06-08,27.02,27.450001,26.959999,27.389999,18618500,27.389999
2007-06-07,27.34,27.73,26.98,26.98,34232300,26.98
2007-06-06,28.049999,28.110001,27.299999,27.440001,33508200,27.440001
2007-06-05,28.40,28.59,28.10,28.23,20494800,28.23
2007-06-04,28.60,28.780001,28.40,28.59,13428800,28.59
2007-06-01,28.90,29.129999,28.610001,28.780001,12398800,28.780001
2007-05-31,28.76,28.85,28.49,28.700001,15859100,28.700001
2007-05-30,28.190001,28.379999,28.00,28.379999,16046800,28.379999
2007-05-29,28.360001,28.73,28.200001,28.40,13981500,28.40
2007-05-25,28.440001,28.73,28.34,28.58,10334600,28.58
2007-05-24,28.65,28.879999,28.25,28.41,19122900,28.41
2007-05-23,29.10,29.370001,28.530001,28.610001,27964400,28.610001
2007-05-22,29.33,29.35,28.780001,28.92,19131300,28.92
2007-05-21,29.620001,29.860001,29.32,29.35,18955900,29.35
2007-05-18,28.90,29.799999,28.780001,29.75,35487200,29.75
2007-05-17,28.99,29.129999,28.49,28.57,23535000,28.57
2007-05-16,28.889999,29.370001,28.25,29.209999,32944800,29.209999
2007-05-15,29.16,29.42,28.75,28.809999,22226800,28.809999
2007-05-14,29.790001,30.00,29.08,29.309999,20895900,29.309999
2007-05-11,29.620001,30.08,29.530001,30.049999,13838800,30.049999
2007-05-10,30.52,30.690001,29.610001,29.700001,26570200,29.700001
2007-05-09,30.17,30.440001,29.950001,30.219999,23533100,30.219999
2007-05-08,30.24,31.10,30.209999,30.41,28018200,30.41
2007-05-07,30.129999,30.98,29.860001,30.379999,41243900,30.379999
2007-05-04,33.27,33.610001,29.58,30.98,245611400,30.98
2007-05-03,28.25,28.50,28.01,28.18,20119500,28.18
2007-05-02,27.719999,28.26,27.719999,28.120001,16911800,28.120001
2007-05-01,28.25,28.35,27.530001,27.73,18310900,27.73
2007-04-30,28.32,28.50,28.00,28.040001,17596300,28.040001
2007-04-27,28.35,28.860001,28.17,28.34,21097000,28.34
2007-04-26,27.98,28.65,27.73,28.49,32331000,28.49
2007-04-25,28.219999,28.27,27.68,28.059999,35568600,28.059999
2007-04-24,28.030001,28.26,27.690001,28.02,25964000,28.02
2007-04-23,27.530001,28.139999,27.370001,27.879999,27262400,27.879999
2007-04-20,27.860001,27.860001,27.370001,27.459999,39123300,27.459999
2007-04-19,28.10,28.23,27.459999,27.51,45664700,27.51
2007-04-18,28.42,28.90,27.889999,28.309999,127875300,28.309999
2007-04-17,31.98,32.139999,31.709999,32.09,43223800,32.09
2007-04-16,31.68,31.790001,31.24,31.610001,14359100,31.610001
2007-04-13,31.15,31.50,30.959999,31.41,12006300,31.41
2007-04-12,31.26,31.42,31.10,31.209999,13904800,31.209999
2007-04-11,31.65,31.73,30.90,31.17,16141100,31.17
2007-04-10,31.639999,32.02,31.60,31.690001,12797600,31.690001
2007-04-09,32.009998,32.240002,31.60,31.639999,12408000,31.639999
2007-04-05,32.00,32.09,31.719999,31.959999,13878100,31.959999
2007-04-04,31.610001,31.870001,31.48,31.620001,7836200,31.620001
2007-04-03,31.41,32.00,31.41,31.719999,12324600,31.719999
2007-04-02,31.219999,31.40,30.93,31.280001,8668800,31.280001
2007-03-30,31.209999,31.60,31.02,31.290001,9425000,31.290001
2007-03-29,31.709999,31.73,30.83,31.34,13815000,31.34
2007-03-28,31.450001,31.700001,31.25,31.41,13162500,31.41
2007-03-27,31.559999,31.66,31.24,31.549999,9403100,31.549999
2007-03-26,31.25,31.74,31.24,31.66,12907000,31.66
2007-03-23,31.33,31.700001,31.16,31.360001,12727900,31.360001
2007-03-22,31.360001,31.440001,30.85,31.26,12989800,31.26
2007-03-21,30.33,31.389999,30.209999,31.290001,26667300,31.290001
2007-03-20,30.00,30.35,29.940001,30.33,12203800,30.33
2007-03-19,30.00,30.190001,29.92,30.030001,9983800,30.030001
2007-03-16,30.02,30.110001,29.719999,29.879999,19799300,29.879999
2007-03-15,29.809999,30.07,29.780001,30.059999,15440900,30.059999
2007-03-14,29.629999,30.040001,29.26,29.860001,23604900,29.860001
2007-03-13,29.77,30.24,29.42,29.559999,18263800,29.559999
2007-03-12,29.299999,30.110001,29.290001,29.99,35991600,29.99
2007-03-09,29.85,30.15,28.790001,29.120001,72749900,29.120001
2007-03-08,30.82,31.040001,30.58,30.709999,13715100,30.709999
2007-03-07,30.950001,31.030001,30.33,30.389999,16014300,30.389999
2007-03-06,30.889999,31.059999,30.52,30.799999,33472600,30.799999
2007-03-05,30.18,31.90,30.139999,30.309999,21469000,30.309999
2007-03-02,30.540001,30.889999,30.280001,30.42,18136600,30.42
2007-03-01,30.129999,31.23,30.00,30.860001,24012900,30.860001
2007-02-28,30.860001,31.469999,30.09,30.860001,30487800,30.860001
2007-02-27,31.379999,31.639999,30.24,30.950001,31505200,30.950001
2007-02-26,32.799999,32.84,30.85,32.110001,28295200,32.110001
2007-02-23,31.60,32.18,31.41,32.099998,21533500,32.099998
2007-02-22,31.60,32.080002,31.32,31.60,15485100,31.60
2007-02-21,31.74,31.77,31.219999,31.65,27999200,31.65
2007-02-20,31.799999,32.209999,31.389999,32.009998,20026500,32.009998
2007-02-16,31.00,32.00,31.00,31.91,36774800,31.91
2007-02-15,30.82,31.65,30.690001,31.25,28160300,31.25
2007-02-14,29.690001,30.860001,29.639999,30.66,30821100,30.66
2007-02-13,29.370001,29.68,29.26,29.559999,12802300,29.559999
2007-02-12,29.290001,29.77,29.049999,29.17,18316200,29.17
2007-02-09,30.07,30.16,29.51,29.74,18172200,29.74
2007-02-08,29.75,30.24,29.73,30.08,15561700,30.08
2007-02-07,29.35,30.15,29.120001,29.889999,29162600,29.889999
2007-02-06,28.610001,29.559999,28.60,29.35,24506800,29.35
2007-02-05,28.67,28.799999,28.360001,28.559999,11163300,28.559999
2007-02-02,28.57,28.92,28.450001,28.77,16483100,28.77
2007-02-01,28.68,28.709999,28.15,28.35,17905200,28.35
2007-01-31,28.040001,28.48,27.82,28.309999,14100300,28.309999
2007-01-30,27.870001,28.389999,27.610001,28.040001,13576600,28.040001
2007-01-29,28.049999,28.209999,27.73,27.870001,16859000,27.870001
2007-01-26,28.33,28.52,27.959999,28.040001,21334800,28.040001
2007-01-25,28.68,29.049999,28.129999,28.209999,28356200,28.209999
2007-01-24,28.34,29.200001,28.219999,28.940001,81017500,28.940001
2007-01-23,27.42,27.540001,26.879999,26.959999,43728100,26.959999
2007-01-22,27.85,27.90,27.18,27.42,23199800,27.42
2007-01-19,27.93,28.34,27.549999,27.639999,24757700,27.639999
2007-01-18,28.92,28.99,27.82,28.120001,23869400,28.120001
2007-01-17,29.40,29.40,28.809999,29.049999,17796100,29.049999
2007-01-16,29.879999,29.879999,28.790001,29.290001,24448400,29.290001
2007-01-12,28.98,29.50,28.49,29.450001,20971100,29.450001
2007-01-11,28.76,29.370001,28.700001,29.200001,28457500,29.200001
2007-01-10,27.48,28.92,27.440001,28.700001,40240000,28.700001
2007-01-09,28.00,28.049999,27.41,27.58,25621500,27.58
2007-01-08,27.700001,28.040001,27.43,27.92,25713700,27.92
2007-01-05,26.700001,27.870001,26.66,27.74,64264600,27.74
2007-01-04,25.639999,26.92,25.52,26.85,32512200,26.85
2007-01-03,25.85,26.26,25.26,25.610001,26352700,25.610001
2006-12-29,25.42,25.82,25.33,25.540001,16297800,25.540001
2006-12-28,25.620001,25.719999,25.299999,25.360001,11908400,25.360001
2006-12-27,25.469999,25.879999,25.450001,25.75,12421800,25.75
2006-12-26,25.49,25.610001,25.34,25.450001,8400500,25.450001
2006-12-22,25.67,25.879999,25.450001,25.549999,14666100,25.549999
2006-12-21,25.709999,25.75,25.129999,25.48,27050600,25.48
2006-12-20,26.24,26.309999,25.540001,25.59,24905600,25.59
2006-12-19,26.049999,26.50,25.91,26.41,18973800,26.41
2006-12-18,26.889999,26.969999,26.07,26.299999,19431200,26.299999
2006-12-15,27.00,27.219999,26.76,26.90,27227300,26.90
2006-12-14,26.629999,26.969999,26.50,26.870001,14400300,26.870001
2006-12-13,27.049999,27.23,26.51,26.60,20428600,26.60
2006-12-12,26.629999,27.379999,26.60,26.75,31971600,26.75
2006-12-11,26.370001,26.700001,26.120001,26.49,12916900,26.49
2006-12-08,26.65,26.780001,26.27,26.34,19262200,26.34
2006-12-07,26.950001,27.16,26.60,26.629999,22407000,26.629999
2006-12-06,27.25,27.450001,26.60,26.860001,35202800,26.860001
2006-12-05,26.870001,27.610001,26.860001,27.43,27118200,27.43
2006-12-04,26.49,27.299999,26.49,26.889999,28012700,26.889999
2006-12-01,27.00,27.25,26.00,26.49,20055800,26.49
2006-11-30,27.00,27.15,26.73,27.01,14916300,27.01
2006-11-29,27.40,27.40,26.709999,27.040001,19375100,27.040001
2006-11-28,27.030001,27.24,26.85,27.00,14940800,27.00
2006-11-27,27.50,28.50,27.17,27.27,19922300,27.27
2006-11-24,28.219999,28.49,27.700001,28.030001,9384400,28.030001
2006-11-22,27.51,28.559999,27.290001,28.49,32055800,28.49
2006-11-21,26.50,27.34,26.50,27.139999,21138300,27.139999
2006-11-20,26.959999,27.040001,26.629999,26.719999,20272000,26.719999
2006-11-17,26.68,27.049999,26.629999,26.91,17955200,26.91
2006-11-16,27.309999,27.33,26.200001,26.639999,38508500,26.639999
2006-11-15,27.18,27.50,27.030001,27.15,22112700,27.15
2006-11-14,27.40,27.50,27.110001,27.24,20145700,27.24
2006-11-13,27.17,27.620001,27.15,27.40,16876500,27.40
2006-11-10,27.40,27.50,27.030001,27.389999,21366600,27.389999
2006-11-09,27.18,27.65,26.959999,27.450001,27428600,27.450001
2006-11-08,26.360001,27.25,26.309999,26.90,23384800,26.90
2006-11-07,26.690001,27.15,26.58,26.610001,28442700,26.610001
2006-11-06,26.34,26.700001,26.10,26.59,22563600,26.59
2006-11-03,26.629999,26.700001,26.040001,26.18,15313800,26.18
2006-11-02,25.940001,26.60,25.77,26.530001,34824500,26.530001
2006-11-01,26.50,26.620001,25.82,25.99,26300200,25.99
2006-10-31,26.440001,26.700001,26.10,26.34,33492800,26.34
2006-10-30,25.870001,26.40,25.66,25.950001,35295800,25.950001
2006-10-27,25.23,25.60,24.90,25.34,29647200,25.34
2006-10-26,24.700001,25.33,24.360001,25.280001,38435800,25.280001
2006-10-25,23.73,24.639999,23.690001,24.49,40110600,24.49
2006-10-24,23.35,23.639999,23.15,23.530001,31704000,23.530001
2006-10-23,23.139999,23.50,23.10,23.370001,26301200,23.370001
2006-10-20,23.219999,23.27,22.65,23.209999,49795600,23.209999
2006-10-19,23.02,23.59,23.00,23.139999,42280400,23.139999
2006-10-18,24.57,24.75,22.879999,22.99,111660900,22.99
2006-10-17,23.74,24.35,23.68,24.15,67417200,24.15
2006-10-16,24.34,24.52,23.75,24.18,36496400,24.18
2006-10-13,23.90,24.50,23.57,24.42,51338900,24.42
2006-10-12,24.32,24.379999,24.10,24.120001,25824500,24.120001
2006-10-11,24.290001,24.639999,23.799999,24.24,39356300,24.24
2006-10-10,24.940001,25.030001,24.32,24.469999,30371900,24.469999
2006-10-09,25.450001,25.719999,25.00,25.030001,15729500,25.030001
2006-10-06,25.09,25.50,25.01,25.469999,20847000,25.469999
2006-10-05,25.16,25.25,24.879999,25.18,17634000,25.18
2006-10-04,24.889999,25.26,24.74,25.209999,21717900,25.209999
2006-10-03,24.809999,25.00,24.700001,24.84,21148300,24.84
2006-10-02,25.450001,25.459999,24.75,24.879999,19641300,24.879999
2006-09-29,25.50,25.59,25.24,25.280001,18982600,25.280001
2006-09-28,24.870001,25.50,24.84,25.33,35331200,25.33
2006-09-27,25.00,25.01,24.60,24.65,29835900,24.65
2006-09-26,25.440001,25.48,24.809999,25.049999,34950100,25.049999
2006-09-25,25.639999,25.870001,25.200001,25.290001,19992400,25.290001
2006-09-22,25.34,25.690001,25.18,25.52,20667400,25.52
2006-09-21,25.530001,25.950001,25.209999,25.34,28584500,25.34
2006-09-20,26.040001,26.09,25.379999,25.639999,55636600,25.639999
2006-09-19,29.09,29.129999,25.10,25.75,127718600,25.75
2006-09-18,29.370001,29.389999,28.58,29.00,15685000,29.00
2006-09-15,29.299999,29.57,29.219999,29.32,19550300,29.32
2006-09-14,29.10,29.24,28.889999,29.030001,9565500,29.030001
2006-09-13,29.059999,29.370001,28.799999,29.17,15248400,29.17
2006-09-12,28.549999,29.219999,28.459999,29.09,10005000,29.09
2006-09-11,28.049999,28.73,27.67,28.610001,12936000,28.610001
2006-09-08,28.040001,28.32,27.969999,28.139999,9781800,28.139999
2006-09-07,28.40,28.51,27.82,27.860001,18434400,27.860001
2006-09-06,28.940001,29.01,28.49,28.50,12800600,28.50
2006-09-05,29.450001,29.48,28.950001,29.07,11425600,29.07
2006-09-01,28.91,29.530001,28.91,29.49,11573600,29.49
2006-08-31,28.99,29.02,28.59,28.83,8879300,28.83
2006-08-30,29.00,29.139999,28.709999,29.02,13119300,29.02
2006-08-29,28.860001,29.01,28.51,28.959999,9888800,28.959999
2006-08-28,28.75,29.25,28.700001,28.91,10404700,28.91
2006-08-25,28.950001,29.280001,28.74,28.77,6203800,28.77
2006-08-24,28.75,29.129999,28.700001,28.99,8983600,28.99
2006-08-23,29.34,29.469999,28.68,28.700001,8837400,28.700001
2006-08-22,28.84,29.65,28.799999,29.26,10891800,29.26
2006-08-21,29.219999,29.52,28.83,28.90,11575200,28.90
2006-08-18,28.90,29.969999,28.77,29.780001,19611300,29.780001
2006-08-17,28.379999,29.32,28.34,28.91,17251600,28.91
2006-08-16,28.35,28.459999,27.969999,28.389999,12589400,28.389999
2006-08-15,27.58,28.200001,27.48,28.17,15298500,28.17
2006-08-14,27.709999,27.799999,27.00,27.26,10640100,27.26
2006-08-11,27.52,27.719999,27.40,27.50,9252200,27.50
2006-08-10,26.950001,27.799999,26.85,27.49,12597900,27.49
2006-08-09,27.75,27.85,27.00,27.219999,14736100,27.219999
2006-08-08,26.950001,27.700001,26.629999,27.440001,19332800,27.440001
2006-08-07,26.92,27.110001,26.58,27.08,12847200,27.08
2006-08-04,27.200001,27.58,26.83,26.99,11607900,26.99
2006-08-03,26.50,27.049999,26.40,26.90,15468500,26.90
2006-08-02,27.01,27.10,26.450001,26.629999,18116200,26.629999
2006-08-01,27.059999,27.120001,26.74,26.940001,18613100,26.940001
2006-07-31,27.459999,27.549999,26.99,27.139999,16492600,27.139999
2006-07-28,26.90,27.50,26.33,27.469999,21584800,27.469999
2006-07-27,27.35,27.50,26.639999,26.700001,25153000,26.700001
2006-07-26,26.780001,27.51,26.57,27.08,20073800,27.08
2006-07-25,26.75,27.190001,26.57,26.950001,21388800,26.950001
2006-07-24,26.24,27.23,25.889999,26.940001,42631300,26.940001
2006-07-21,24.99,26.059999,24.91,25.889999,36187100,25.889999
2006-07-20,25.549999,26.209999,24.91,25.27,54659700,25.27
2006-07-19,26.41,26.700001,25.040001,25.200001,204339000,25.200001
2006-07-18,32.080002,32.259998,31.25,32.240002,39767700,32.240002
2006-07-17,31.98,32.400002,31.690001,31.84,16369600,31.84
2006-07-14,32.34,32.48,31.85,32.080002,12484700,32.080002
2006-07-13,32.849998,33.16,32.07,32.23,19463500,32.23
2006-07-12,33.029999,33.740002,32.990002,33.380001,18708400,33.380001
2006-07-11,32.790001,33.349998,32.32,33.169998,11285900,33.169998
2006-07-10,32.91,33.139999,32.73,32.849998,15317600,32.849998
2006-07-07,32.939999,33.049999,32.369999,32.50,12372500,32.50
2006-07-06,32.77,33.220001,32.700001,33.110001,13801500,33.110001
2006-07-05,32.849998,32.990002,32.330002,32.470001,13453900,32.470001
2006-07-03,32.900002,33.439999,32.900002,33.299999,8067100,33.299999
2006-06-30,33.009998,33.119999,32.540001,33.00,22566600,33.00
2006-06-29,32.259998,33.00,32.200001,32.970001,15745900,32.970001
2006-06-28,31.75,32.169998,31.700001,31.92,14032800,31.92
2006-06-27,31.85,32.220001,31.32,31.51,16589400,31.51
2006-06-26,31.450001,31.700001,31.16,31.549999,11457000,31.549999
2006-06-23,31.08,31.76,30.82,31.370001,17378500,31.370001
2006-06-22,30.85,31.16,30.440001,30.68,11500300,30.68
2006-06-21,30.77,31.540001,30.65,31.059999,18252900,31.059999
2006-06-20,30.42,30.65,30.10,30.60,12613200,30.60
2006-06-19,30.51,30.75,30.059999,30.35,12236700,30.35
2006-06-16,30.700001,30.860001,30.15,30.360001,12951700,30.360001
2006-06-15,29.98,30.959999,29.719999,30.790001,22375000,30.790001
2006-06-14,29.809999,30.00,29.25,29.620001,19257500,29.620001
2006-06-13,29.77,30.200001,29.51,29.65,16435700,29.65
2006-06-12,30.370001,30.65,29.66,29.780001,14344600,29.780001
2006-06-09,30.700001,30.799999,30.23,30.370001,10044700,30.370001
2006-06-08,30.43,30.99,29.83,30.450001,20538600,30.450001
2006-06-07,30.799999,31.25,30.360001,30.540001,17470100,30.540001
2006-06-06,30.83,30.969999,30.35,30.700001,15615600,30.700001
2006-06-05,31.190001,31.43,30.790001,30.82,17188500,30.82
2006-06-02,32.110001,32.189999,31.299999,31.52,16470900,31.52
2006-06-01,31.83,32.00,31.49,31.99,16652400,31.99
2006-05-31,32.189999,32.32,31.110001,31.59,21306700,31.59
2006-05-30,32.73,32.889999,31.790001,32.00,16247600,32.00
2006-05-26,32.860001,33.02,32.349998,33.02,13842600,33.02
2006-05-25,32.939999,33.50,32.50,32.919998,34732700,32.919998
2006-05-24,30.950001,32.02,30.709999,31.790001,27286300,31.790001
2006-05-23,31.040001,31.629999,30.76,30.76,28583400,30.76
2006-05-22,30.42,30.98,29.889999,30.459999,35089300,30.459999
2006-05-19,29.049999,29.75,28.60,29.530001,33121900,29.530001
2006-05-18,30.10,30.360001,28.93,29.00,38254000,29.00
2006-05-17,30.610001,31.26,30.040001,30.110001,39847500,30.110001
2006-05-16,31.10,31.219999,30.629999,30.969999,15333700,30.969999
2006-05-15,30.85,31.25,30.60,31.030001,13350700,31.030001
2006-05-12,30.709999,31.18,30.379999,30.809999,16745600,30.809999
2006-05-11,31.959999,32.169998,30.870001,30.99,24277000,30.99
2006-05-10,32.48,32.560001,32.00,32.09,13797500,32.09
2006-05-09,32.68,34.00,32.349998,32.490002,13396400,32.490002
2006-05-08,33.09,33.43,32.630001,32.869999,18188200,32.869999
2006-05-05,32.630001,32.75,32.220001,32.66,14689200,32.66
2006-05-04,32.400002,32.560001,32.080002,32.189999,10402300,32.189999
2006-05-03,32.400002,33.00,31.75,32.169998,23292600,32.169998
2006-05-02,32.200001,32.91,31.719999,31.85,16276000,31.85
2006-05-01,32.990002,33.099998,31.860001,32.080002,19752200,32.080002
2006-04-28,32.880001,33.450001,32.779999,32.779999,13283500,32.779999
2006-04-27,32.790001,33.50,32.400002,33.200001,19635700,33.200001
2006-04-26,32.299999,33.09,32.099998,33.00,24426400,33.00
2006-04-25,32.990002,33.060001,31.879999,31.99,22363200,31.99
2006-04-24,33.009998,33.450001,32.900002,33.009998,15441600,33.009998
2006-04-21,33.360001,34.09,32.700001,32.889999,25215000,32.889999
2006-04-20,33.48,33.700001,32.93,33.369999,23403900,33.369999
2006-04-19,33.470001,33.98,32.759998,33.540001,77253600,33.540001
2006-04-18,31.17,31.379999,30.530001,31.299999,38604500,31.299999
2006-04-17,31.16,31.790001,30.66,30.969999,18239900,30.969999
2006-04-13,31.139999,31.40,30.85,31.129999,15609800,31.129999
2006-04-12,31.440001,31.50,30.889999,31.10,14926900,31.10
2006-04-11,32.450001,32.599998,31.15,31.389999,22105600,31.389999
2006-04-10,32.279999,32.630001,32.119999,32.549999,9618000,32.549999
2006-04-07,32.849998,32.970001,32.209999,32.27,12980200,32.27
2006-04-06,32.119999,33.139999,32.110001,32.790001,21572600,32.790001
2006-04-05,32.299999,32.50,31.959999,32.110001,11982500,32.110001
2006-04-04,31.690001,32.25,31.66,32.099998,16232700,32.099998
2006-04-03,32.41,32.529999,31.790001,31.889999,14887900,31.889999
2006-03-31,32.450001,32.630001,32.009998,32.259998,12677300,32.259998
2006-03-30,32.75,32.830002,32.09,32.419998,14314000,32.419998
2006-03-29,32.439999,32.91,32.139999,32.560001,25508200,32.560001
2006-03-28,31.450001,32.50,31.41,32.389999,25981500,32.389999
2006-03-27,31.84,32.080002,31.299999,31.450001,14858500,31.450001
2006-03-24,32.279999,32.310001,31.530001,31.77,17816500,31.77
2006-03-23,31.52,31.950001,31.48,31.83,33834000,31.83
2006-03-22,30.33,30.91,30.309999,30.75,23147400,30.75
2006-03-21,30.110001,30.780001,30.02,30.110001,18876400,30.110001
2006-03-20,30.379999,30.93,30.200001,30.440001,21455200,30.440001
2006-03-17,30.35,30.360001,29.83,30.07,23629700,30.07
2006-03-16,30.77,30.879999,30.10,30.129999,17108000,30.129999
2006-03-15,31.25,31.280001,30.469999,30.530001,20758000,30.530001
2006-03-14,30.10,31.00,30.10,30.99,19294700,30.99
2006-03-13,30.719999,30.969999,30.120001,30.15,18437700,30.15
2006-03-10,30.40,31.10,29.75,30.58,28991400,30.58
2006-03-09,31.049999,31.32,30.25,30.280001,18277000,30.280001
2006-03-08,31.309999,31.549999,30.82,30.99,20910200,30.99
2006-03-07,31.42,32.200001,31.309999,31.43,23365100,31.43
2006-03-06,31.530001,31.940001,31.450001,31.57,17211200,31.57
2006-03-03,31.700001,32.07,31.379999,31.450001,23196000,31.450001
2006-03-02,32.009998,32.110001,31.58,31.700001,23487300,31.700001
2006-03-01,32.209999,32.419998,31.719999,32.18,18466100,32.18
2006-02-28,32.630001,32.98,31.34,32.060001,39926200,32.060001
2006-02-27,33.110001,33.209999,32.57,32.740002,11821900,32.740002
2006-02-24,33.200001,33.34,32.919998,33.009998,10136400,33.009998
2006-02-23,33.009998,33.66,32.880001,33.150002,14947600,33.150002
2006-02-22,32.490002,33.34,32.400002,33.16,18433500,33.16
2006-02-21,32.900002,33.07,32.380001,32.389999,14328100,32.389999
2006-02-17,32.880001,33.139999,32.709999,32.759998,12620200,32.759998
2006-02-16,33.299999,33.400002,32.599998,32.75,19500100,32.75
2006-02-15,32.619999,33.330002,32.549999,33.02,19542100,33.02
2006-02-14,32.139999,32.830002,32.049999,32.720001,26198600,32.720001
2006-02-13,32.209999,32.439999,31.700001,32.040001,26139300,32.040001
2006-02-10,32.580002,32.599998,32.099998,32.509998,19628600,32.509998
2006-02-09,33.009998,33.360001,32.400002,32.50,25335200,32.50
2006-02-08,33.240002,33.400002,32.509998,33.00,28112900,33.00
2006-02-07,33.009998,33.099998,32.32,33.02,37236800,33.02
2006-02-06,33.900002,33.950001,32.779999,32.919998,23523100,32.919998
2006-02-03,34.00,34.049999,33.259998,33.540001,32639600,33.540001
2006-02-02,35.009998,35.099998,34.099998,34.25,18323500,34.25
2006-02-01,34.450001,35.00,34.349998,35.00,43600400,35.00
2006-01-31,35.200001,35.200001,34.310001,34.380001,36538000,34.380001
2006-01-30,35.09,35.23,34.880001,35.049999,29030600,35.049999
2006-01-27,35.259998,35.27,34.66,35.09,24317400,35.09
2006-01-26,34.939999,35.25,34.490002,35.169998,28471400,35.169998
2006-01-25,35.43,35.48,34.380001,34.490002,23779200,34.490002
2006-01-24,34.549999,35.200001,34.509998,34.869999,31667800,34.869999
2006-01-23,34.220001,34.400002,33.98,34.169998,30887600,34.169998
2006-01-20,34.439999,34.66,33.209999,33.740002,57644600,33.740002
2006-01-19,35.82,35.84,34.240002,34.330002,60913000,34.330002
2006-01-18,35.009998,36.16,34.740002,35.18,118556100,35.18
2006-01-17,39.09,40.389999,38.959999,40.110001,41797000,40.110001
2006-01-13,41.00,41.080002,39.619999,39.900002,30960800,39.900002
2006-01-12,41.919998,41.990002,40.759998,40.889999,18921700,40.889999
2006-01-11,42.189999,42.310001,41.720001,41.869999,26191400,41.869999
2006-01-10,42.959999,43.34,42.34,42.98,16287200,42.98
2006-01-09,43.099998,43.66,42.82,43.419998,16266900,43.419998
2006-01-06,42.880001,43.57,42.799999,43.209999,29418400,43.209999
2006-01-05,40.93,41.73,40.849998,41.529999,12829100,41.529999
2006-01-04,41.220001,41.900002,40.77,40.970001,20549000,40.970001
2006-01-03,39.689999,41.220001,38.790001,40.91,24227700,40.91
2005-12-30,39.400002,39.560001,39.049999,39.18,12233000,39.18
2005-12-29,40.25,40.349998,39.41,39.560001,10116600,39.560001
2005-12-28,40.099998,40.48,39.77,40.25,11567900,40.25
2005-12-27,40.650002,40.939999,39.849998,39.939999,11672900,39.939999
2005-12-23,41.09,41.099998,40.450001,40.630001,5070200,40.630001
2005-12-22,40.689999,41.68,40.549999,40.830002,9548300,40.830002
2005-12-21,40.52,41.049999,40.349998,40.470001,11626900,40.470001
2005-12-20,41.259998,41.360001,40.48,40.68,15269500,40.68
2005-12-19,42.16,42.889999,40.880001,41.049999,18563700,41.049999
2005-12-16,41.860001,42.669998,41.75,42.32,21805000,42.32
2005-12-15,41.23,41.84,41.139999,41.75,20900800,41.75
2005-12-14,41.119999,41.68,40.84,41.299999,23034200,41.299999
2005-12-13,40.009998,41.400002,40.00,41.200001,17264700,41.200001
2005-12-12,40.41,40.540001,39.810001,40.080002,9776300,40.080002
2005-12-09,40.50,40.869999,40.200001,40.310001,11116900,40.310001
2005-12-08,40.25,40.540001,39.950001,40.349998,12851600,40.349998
2005-12-07,40.310001,40.630001,39.57,40.110001,15644900,40.110001
2005-12-06,40.779999,41.18,40.119999,40.189999,16356800,40.189999
2005-12-05,40.880001,41.029999,40.369999,40.470001,15389400,40.470001
2005-12-02,41.220001,41.849998,40.889999,41.209999,14411400,41.209999
2005-12-01,40.740002,41.25,40.540001,41.07,20069600,41.07
2005-11-30,39.380001,40.84,39.09,40.23,31608700,40.23
2005-11-29,41.009998,41.59,39.82,40.189999,28698200,40.189999
2005-11-28,41.630001,41.77,40.66,41.110001,23190900,41.110001
2005-11-25,42.709999,42.84,41.939999,42.130001,8253000,42.130001
2005-11-23,42.209999,43.450001,42.169998,42.50,21471000,42.50
2005-11-22,41.73,42.650002,41.650002,42.360001,26389500,42.360001
2005-11-21,41.259998,42.98,41.209999,42.27,27915500,42.27
2005-11-18,42.040001,42.41,41.290001,41.540001,30747600,41.540001
2005-11-17,40.32,42.50,40.029999,42.23,44796000,42.23
2005-11-16,37.900002,40.07,37.860001,40.040001,39464600,40.040001
2005-11-15,38.259998,38.610001,37.540001,37.650002,11981600,37.650002
2005-11-14,38.43,38.720001,37.959999,38.450001,10112500,38.450001
2005-11-11,38.689999,39.049999,38.34,38.490002,12234400,38.490002
2005-11-10,37.52,38.75,37.52,38.689999,13722400,38.689999
2005-11-09,37.759998,38.040001,37.43,37.75,12217600,37.75
2005-11-08,37.75,38.50,37.599998,37.970001,14434400,37.970001
2005-11-07,37.689999,38.18,37.41,37.900002,11652700,37.900002
2005-11-04,37.59,37.990002,37.369999,37.869999,11656100,37.869999
2005-11-03,38.259998,38.279999,37.330002,37.450001,16880800,37.450001
2005-11-02,37.490002,38.040001,37.43,37.990002,17886200,37.990002
2005-11-01,36.619999,38.709999,36.59,37.720001,41932100,37.720001
2005-10-31,35.599998,37.27,35.599998,36.970001,24867100,36.970001
2005-10-28,35.619999,35.919998,35.25,35.580002,14123800,35.580002
2005-10-27,35.34,35.66,35.299999,35.450001,11605000,35.450001
2005-10-26,35.060001,35.75,34.970001,35.459999,17125600,35.459999
2005-10-25,35.189999,35.380001,34.889999,35.119999,14441100,35.119999
2005-10-24,35.299999,35.490002,34.939999,35.279999,19591900,35.279999
2005-10-21,35.990002,36.330002,35.189999,35.290001,28423400,35.290001
2005-10-20,35.900002,36.939999,35.049999,35.259998,29267000,35.259998
2005-10-19,34.619999,35.939999,34.59,35.91,63254000,35.91
2005-10-18,34.400002,34.759998,33.639999,33.700001,35010300,33.700001
2005-10-17,33.849998,34.299999,33.799999,34.16,21994600,34.16
2005-10-14,33.619999,33.619999,32.77,33.52,17425200,33.52
2005-10-13,33.799999,33.849998,32.970001,33.369999,16254600,33.369999
2005-10-12,33.990002,34.709999,33.91,33.93,16089600,33.93
2005-10-11,34.549999,34.84,33.66,34.099998,16504700,34.099998
2005-10-10,34.200001,34.900002,34.119999,34.529999,15227800,34.529999
2005-10-07,34.029999,34.290001,33.970001,34.16,12253200,34.16
2005-10-06,33.950001,34.299999,33.540001,33.799999,21836100,33.799999
2005-10-05,33.790001,33.93,33.360001,33.490002,14642000,33.490002
2005-10-04,33.75,34.369999,33.509998,33.57,14331000,33.57
2005-10-03,33.799999,34.119999,33.709999,33.77,13184500,33.77
2005-09-30,33.59,34.099998,33.560001,33.84,15697000,33.84
2005-09-29,32.400002,33.700001,32.119999,33.459999,22209100,33.459999
2005-09-28,32.669998,32.799999,32.27,32.349998,11622800,32.349998
2005-09-27,32.169998,32.610001,32.169998,32.48,12246900,32.48
2005-09-26,32.48,32.549999,31.99,32.18,13548200,32.18
2005-09-23,32.119999,32.25,31.75,32.130001,14903700,32.130001
2005-09-22,32.09,32.41,31.76,32.040001,18259400,32.040001
2005-09-21,32.529999,33.099998,31.60,31.969999,21896000,31.969999
2005-09-20,32.880001,33.110001,32.360001,32.639999,14578900,32.639999
2005-09-19,33.27,33.470001,32.25,32.75,15429900,32.75
2005-09-16,33.740002,33.77,33.049999,33.169998,20858300,33.169998
2005-09-15,33.950001,33.990002,33.50,33.57,10404800,33.57
2005-09-14,34.299999,34.50,33.639999,33.799999,15017400,33.799999
2005-09-13,33.93,34.709999,33.73,34.299999,19346600,34.299999
2005-09-12,33.419998,34.34,33.41,33.91,18580300,33.91
2005-09-09,33.349998,33.599998,33.02,33.459999,15247900,33.459999
2005-09-08,33.740002,33.93,33.200001,33.34,17464400,33.34
2005-09-07,33.50,34.259998,33.299999,34.060001,12545300,34.060001
2005-09-06,33.18,33.779999,33.18,33.68,12513300,33.68
2005-09-02,33.200001,33.369999,33.099998,33.169998,6849000,33.169998
2005-09-01,33.279999,33.509998,33.040001,33.240002,11848500,33.240002
2005-08-31,33.23,33.389999,32.990002,33.32,13035500,33.32
2005-08-30,33.50,33.669998,33.00,33.18,13496000,33.18
2005-08-29,33.400002,33.779999,33.310001,33.68,11427600,33.68
2005-08-26,33.509998,33.810001,33.380001,33.57,9833400,33.57
2005-08-25,33.540001,33.619999,33.200001,33.48,12564900,33.48
2005-08-24,32.919998,33.68,32.880001,33.470001,23249500,33.470001
2005-08-23,33.290001,33.330002,32.650002,33.110001,16912700,33.110001
2005-08-22,34.07,34.099998,33.07,33.200001,21054400,33.200001
2005-08-19,34.389999,34.470001,33.98,34.00,12810400,34.00
2005-08-18,34.130001,34.73,34.119999,34.360001,12154200,34.360001
2005-08-17,34.299999,34.73,34.23,34.389999,10443700,34.389999
2005-08-16,34.57,34.66,34.209999,34.23,11867100,34.23
2005-08-15,34.799999,34.869999,34.490002,34.599998,11244500,34.599998
2005-08-12,34.860001,34.880001,34.450001,34.599998,13306100,34.599998
2005-08-11,34.540001,35.00,34.32,34.939999,22391900,34.939999
2005-08-10,34.279999,34.77,34.00,34.189999,18047900,34.189999
2005-08-09,34.150002,34.32,33.91,34.060001,9987400,34.060001
2005-08-08,33.860001,34.18,33.66,33.939999,13066200,33.939999
2005-08-05,34.09,34.279999,33.490002,33.52,11873800,33.52
2005-08-04,34.259998,34.599998,34.00,34.060001,11143400,34.060001
2005-08-03,33.75,34.68,33.73,34.509998,18240600,34.509998
2005-08-02,33.459999,34.200001,33.389999,33.880001,17581900,33.880001
2005-08-01,33.630001,33.689999,33.310001,33.330002,12637100,33.330002
2005-07-29,34.009998,34.060001,33.34,33.34,16236100,33.34
2005-07-28,34.23,34.310001,33.98,34.009998,11871600,34.009998
2005-07-27,34.220001,34.369999,33.950001,34.290001,20497500,34.290001
2005-07-26,34.049999,34.299999,33.91,34.150002,16819200,34.150002
2005-07-25,33.880001,34.080002,33.59,33.849998,23252600,33.849998
2005-07-22,33.349998,33.77,33.169998,33.529999,27561500,33.529999
2005-07-21,33.75,33.759998,32.75,32.939999,37778500,32.939999
2005-07-20,34.209999,34.349998,33.310001,33.400002,82623300,33.400002
2005-07-19,37.02,38.02,36.560001,37.73,32685500,37.73
2005-07-18,36.450001,36.779999,36.369999,36.580002,11019300,36.580002
2005-07-15,37.049999,37.16,36.50,36.580002,12372200,36.580002
2005-07-14,37.400002,37.50,36.77,36.860001,14722200,36.860001
2005-07-13,36.419998,36.98,36.41,36.73,16897500,36.73
2005-07-12,36.200001,36.490002,35.939999,36.23,19665800,36.23
2005-07-11,34.900002,35.810001,34.779999,35.759998,20233000,35.759998
2005-07-08,34.77,34.869999,34.25,34.619999,15515400,34.619999
2005-07-07,33.869999,34.77,33.720001,34.630001,16354300,34.630001
2005-07-06,34.639999,34.970001,34.029999,34.119999,13585700,34.119999
2005-07-05,34.25,35.080002,34.200001,34.599998,16086700,34.599998
2005-07-01,34.759998,34.849998,34.220001,34.439999,9861600,34.439999
2005-06-30,34.84,35.169998,34.439999,34.650002,16699500,34.650002
2005-06-29,35.799999,35.939999,34.880001,34.939999,16481900,34.939999
2005-06-28,35.950001,36.240002,35.509998,35.799999,13346200,35.799999
2005-06-27,35.880001,36.110001,35.200001,35.68,12044700,35.68
2005-06-24,36.259998,36.400002,35.599998,36.09,13468200,36.09
2005-06-23,36.849998,37.310001,36.200001,36.200001,15547700,36.200001
2005-06-22,36.91,37.32,36.84,36.900002,12148100,36.900002
2005-06-21,36.369999,37.310001,36.360001,36.950001,16219200,36.950001
2005-06-20,35.959999,36.84,35.790001,36.450001,12753200,36.450001
2005-06-17,36.759998,36.98,36.119999,36.299999,15952800,36.299999
2005-06-16,36.459999,36.740002,36.220001,36.400002,12228700,36.400002
2005-06-15,36.970001,37.110001,35.91,36.32,22753900,36.32
2005-06-14,36.560001,37.049999,36.43,36.799999,12781200,36.799999
2005-06-13,36.66,37.509998,36.529999,36.900002,11586300,36.900002
2005-06-10,37.48,37.50,36.32,36.810001,14216900,36.810001
2005-06-09,36.810001,37.48,36.380001,37.450001,18455100,37.450001
2005-06-08,37.419998,37.450001,36.32,36.630001,20121100,36.630001
2005-06-07,38.720001,38.950001,37.32,37.439999,22848300,37.439999
2005-06-06,37.790001,38.740002,37.75,38.52,12416000,38.52
2005-06-03,38.240002,38.790001,37.599998,37.919998,12813300,37.919998
2005-06-02,38.200001,38.709999,38.130001,38.50,13150700,38.50
2005-06-01,37.310001,38.900002,37.169998,38.419998,28153800,38.419998
2005-05-31,37.029999,37.349998,36.849998,37.200001,12498300,37.200001
2005-05-27,36.98,37.470001,36.950001,37.27,10256600,37.27
2005-05-26,36.450001,37.189999,36.349998,37.139999,15547700,37.139999
2005-05-25,36.25,36.419998,36.060001,36.27,14995100,36.27
2005-05-24,36.869999,37.099998,36.450001,36.630001,17421300,36.630001
2005-05-23,36.099998,37.099998,36.040001,36.799999,21616200,36.799999
2005-05-20,36.599998,36.639999,36.130001,36.330002,13771900,36.330002
2005-05-19,36.130001,36.990002,36.110001,36.75,21267100,36.75
2005-05-18,35.790001,36.580002,35.689999,35.950001,23769000,35.950001
2005-05-17,35.200001,35.799999,35.139999,35.68,13178400,35.68
2005-05-16,34.779999,35.50,34.740002,35.450001,15473900,35.450001
2005-05-13,34.709999,35.349998,34.349998,34.82,15855900,34.82
2005-05-12,34.950001,35.369999,34.540001,34.709999,18906700,34.709999
2005-05-11,34.09,34.880001,33.689999,34.880001,19537100,34.880001
2005-05-10,34.299999,34.369999,33.860001,34.060001,13227000,34.060001
2005-05-09,34.48,34.650002,34.25,34.59,9991700,34.59
2005-05-06,35.00,35.080002,34.450001,34.52,14202200,34.52
2005-05-05,35.099998,35.290001,34.43,34.709999,16926300,34.709999
2005-05-04,34.43,35.50,34.380001,35.18,23410900,35.18
2005-05-03,34.049999,34.599998,33.900002,34.279999,22042800,34.279999
2005-05-02,34.439999,34.849998,34.029999,34.380001,13231500,34.380001
2005-04-29,34.599998,34.75,33.919998,34.50,15666100,34.50
2005-04-28,34.700001,34.93,34.02,34.330002,16159300,34.330002
2005-04-27,34.700001,35.139999,34.59,34.950001,14861300,34.950001
2005-04-26,35.119999,35.419998,34.799999,35.00,17921200,35.00
2005-04-25,34.580002,35.59,34.580002,35.490002,23883600,35.490002
2005-04-22,35.209999,35.880001,34.50,34.869999,31869800,34.869999
2005-04-21,35.119999,35.91,34.709999,35.869999,27731600,35.869999
2005-04-20,34.959999,35.25,34.360001,34.650002,50104400,34.650002
2005-04-19,32.959999,33.330002,32.419998,33.220001,34158500,33.220001
2005-04-18,32.43,33.09,32.400002,32.549999,19201200,32.549999
2005-04-15,32.959999,33.41,32.290001,32.459999,27008500,32.459999
2005-04-14,33.630001,34.200001,33.400002,33.459999,19855300,33.459999
2005-04-13,34.16,34.459999,33.400002,33.599998,16886100,33.599998
2005-04-12,34.349998,34.50,33.740002,34.279999,22681900,34.279999
2005-04-11,34.970001,35.09,34.540001,34.599998,11758500,34.599998
2005-04-08,35.040001,35.139999,34.650002,34.759998,11106300,34.759998
2005-04-07,34.450001,35.25,34.450001,35.07,20575000,35.07
2005-04-06,35.139999,35.419998,34.119999,34.490002,23574000,34.490002
2005-04-05,35.150002,35.400002,34.84,35.150002,20275900,35.150002
2005-04-04,34.34,35.27,33.75,35.07,27853300,35.07
2005-04-01,34.18,34.77,34.150002,34.279999,27955400,34.279999
2005-03-31,33.549999,34.200001,33.200001,33.900002,25390000,33.900002
2005-03-30,32.310001,33.599998,32.27,33.48,28267900,33.48
2005-03-29,32.18,32.84,31.790001,32.16,23544700,32.16
2005-03-28,32.209999,32.50,32.099998,32.25,20624400,32.25
2005-03-24,31.940001,32.09,31.41,31.41,23162000,31.41
2005-03-23,30.91,31.33,30.85,30.870001,13917100,30.870001
2005-03-22,31.700001,31.98,30.860001,30.99,19570600,30.99
2005-03-21,31.290001,31.77,30.98,31.620001,18449400,31.620001
2005-03-18,31.530001,31.73,30.91,31.110001,20796400,31.110001
2005-03-17,31.799999,31.98,31.540001,31.610001,13760200,31.610001
2005-03-16,31.870001,32.349998,31.40,31.58,17952000,31.58
2005-03-15,31.610001,32.279999,31.530001,31.940001,20880800,31.940001
2005-03-14,31.74,31.83,30.65,31.32,19762000,31.32
2005-03-11,31.860001,32.209999,31.65,31.65,13364800,31.65
2005-03-10,32.43,32.560001,31.60,31.91,19381200,31.91
2005-03-09,33.009998,33.150002,32.009998,32.32,21824400,32.32
2005-03-08,33.549999,33.73,33.139999,33.16,17839300,33.16
2005-03-07,32.400002,33.310001,32.360001,33.09,17679200,33.09
2005-03-04,32.360001,32.57,31.76,32.360001,17499800,32.360001
2005-03-03,32.25,32.48,31.799999,32.310001,17896100,32.310001
2005-03-02,32.07,32.599998,31.75,32.23,15357200,32.23
2005-03-01,32.369999,32.669998,32.049999,32.299999,20222500,32.299999
2005-02-28,31.74,33.77,31.620001,32.27,25266400,32.27
2005-02-25,31.530001,31.959999,31.43,31.73,20114900,31.73
2005-02-24,30.43,31.49,30.299999,31.48,55457300,31.48
2005-02-23,32.82,32.919998,31.40,32.119999,34757100,32.119999
2005-02-22,33.25,33.82,32.66,32.790001,18142600,32.790001
2005-02-18,33.84,33.98,33.380001,33.599998,12436100,33.599998
2005-02-17,34.419998,34.790001,33.759998,33.82,16203500,33.82
2005-02-16,33.810001,34.82,33.75,34.419998,22176200,34.419998
2005-02-15,34.34,34.919998,33.810001,33.98,20391900,33.98
2005-02-14,34.009998,34.41,33.779999,34.330002,20065300,34.330002
2005-02-11,33.450001,34.700001,33.310001,34.150002,20005800,34.150002
2005-02-10,33.720001,33.720001,32.470001,33.439999,32637400,33.439999
2005-02-09,34.599998,34.66,33.450001,33.59,18285100,33.59
2005-02-08,34.639999,34.91,34.32,34.360001,17321500,34.360001
2005-02-07,35.07,35.189999,34.360001,34.470001,14588900,34.470001
2005-02-04,34.709999,35.299999,34.709999,35.02,16850200,35.02
2005-02-03,35.27,35.669998,35.00,35.09,16742400,35.09
2005-02-02,36.02,36.34,35.290001,35.540001,33495200,35.540001
2005-02-01,35.130001,35.279999,34.459999,34.75,18633600,34.75
2005-01-31,35.040001,35.439999,34.529999,35.209999,20712200,35.209999
2005-01-28,34.900002,35.240002,34.119999,34.619999,17853700,34.619999
2005-01-27,35.380001,35.490002,34.349998,34.73,21450800,34.73
2005-01-26,34.709999,35.740002,34.389999,35.470001,25767500,35.470001
2005-01-25,34.549999,34.759998,33.939999,34.040001,26521400,34.040001
2005-01-24,35.48,35.52,33.75,33.93,31477400,33.93
2005-01-21,36.07,36.110001,35.290001,35.299999,26608000,35.299999
2005-01-20,35.389999,36.419998,35.049999,35.779999,30239100,35.779999
2005-01-19,38.080002,38.200001,36.419998,36.450001,44303200,36.450001
2005-01-18,37.099998,37.459999,36.599998,37.18,42709600,37.18
2005-01-14,35.860001,36.700001,35.830002,36.700001,27697700,36.700001
2005-01-13,36.119999,36.32,35.259998,35.330002,18526500,35.330002
2005-01-12,35.880001,36.18,34.799999,36.139999,23274700,36.139999
2005-01-11,36.310001,36.580002,35.389999,35.66,19711900,35.66
2005-01-10,36.00,36.759998,35.509998,36.32,17482800,36.32
2005-01-07,35.990002,36.459999,35.41,35.959999,18596300,35.959999
2005-01-06,36.32,36.50,35.209999,35.43,20835300,35.43
2005-01-05,36.689999,36.98,36.060001,36.130001,18469100,36.130001
2005-01-04,38.450001,38.540001,36.459999,36.580002,26625300,36.580002
2005-01-03,38.360001,38.900002,37.650002,38.18,25482800,38.18
2004-12-31,38.040001,38.200001,37.50,37.68,7556600,37.68
2004-12-30,38.029999,38.209999,37.82,37.869999,6955700,37.869999
2004-12-29,37.830002,38.400002,37.75,37.849998,10160200,37.849998
2004-12-28,37.849998,37.990002,37.650002,37.900002,11291000,37.900002
2004-12-27,37.450001,38.00,37.400002,37.740002,11095800,37.740002
2004-12-23,37.43,37.50,37.209999,37.25,6045500,37.25
2004-12-22,36.470001,37.349998,36.41,37.290001,11297700,37.290001
2004-12-21,36.98,37.16,36.240002,36.66,12393500,36.66
2004-12-20,36.889999,37.529999,36.209999,36.66,18330400,36.66
2004-12-17,36.77,37.540001,36.610001,36.77,13640900,36.77
2004-12-16,38.330002,38.360001,36.900002,37.080002,18292300,37.080002
2004-12-15,38.130001,38.59,37.950001,38.290001,9710500,38.290001
2004-12-14,37.98,38.470001,37.82,38.259998,10088500,38.259998
2004-12-13,38.259998,38.32,37.549999,38.09,10266600,38.09
2004-12-10,38.02,38.580002,37.93,38.02,10019700,38.02
2004-12-09,36.830002,38.639999,36.82,38.310001,18900700,38.310001
2004-12-08,37.349998,37.439999,36.779999,37.049999,14006800,37.049999
2004-12-07,38.75,38.93,37.00,37.080002,17718900,37.080002
2004-12-06,38.709999,39.00,38.509998,38.84,12007500,38.84
2004-12-03,39.139999,39.790001,38.709999,39.02,15890900,39.02
2004-12-02,37.959999,39.400002,37.889999,39.139999,22437500,39.139999
2004-12-01,37.900002,38.029999,37.349998,38.00,13204800,38.00
2004-11-30,37.919998,38.189999,37.52,37.619999,10965100,37.619999
2004-11-29,38.09,38.240002,37.50,38.119999,13895100,38.119999
2004-11-26,37.830002,38.150002,37.57,37.810001,6230900,37.810001
2004-11-24,37.150002,37.639999,36.66,37.610001,16495200,37.610001
2004-11-23,36.700001,37.049999,36.099998,36.400002,14691000,36.400002
2004-11-22,35.990002,36.50,35.349998,36.450001,17256100,36.450001
2004-11-19,37.240002,37.41,35.900002,36.150002,15936600,36.150002
2004-11-18,37.43,37.779999,37.099998,37.189999,15401000,37.189999
2004-11-17,36.950001,37.369999,36.48,36.950001,15189100,36.950001
2004-11-16,37.290001,37.41,36.560001,36.740002,15160100,36.740002
2004-11-15,37.77,38.00,37.310001,37.630001,13108100,37.630001
2004-11-12,37.869999,38.299999,37.529999,37.799999,16545200,37.799999
2004-11-11,36.900002,37.82,36.459999,37.790001,16640100,37.790001
2004-11-10,36.849998,37.189999,36.369999,36.66,14160400,36.66
2004-11-09,37.240002,37.630001,36.860001,37.029999,14937800,37.029999
2004-11-08,36.790001,37.32,36.709999,37.139999,15368500,37.139999
2004-11-05,37.68,37.849998,35.759998,36.349998,25428100,36.349998
2004-11-04,37.57,37.950001,36.75,37.66,19812300,37.66
2004-11-03,39.200001,39.25,37.540001,37.970001,25377500,37.970001
2004-11-02,37.029999,38.150002,36.889999,37.740002,22925400,37.740002
2004-11-01,35.91,37.00,35.860001,36.919998,16436900,36.919998
2004-10-29,36.080002,36.720001,35.860001,36.189999,13432500,36.189999
2004-10-28,35.82,36.50,35.82,36.450001,13245200,36.450001
2004-10-27,34.900002,36.52,34.849998,36.18,20968100,36.18
2004-10-26,35.119999,35.389999,34.75,35.09,15698700,35.09
2004-10-25,34.830002,35.240002,34.50,35.200001,17718300,35.200001
2004-10-22,36.57,36.75,34.93,34.959999,35643200,34.959999
2004-10-21,35.400002,35.93,34.900002,35.700001,27937000,35.700001
2004-10-20,34.380001,34.57,34.00,34.490002,15943900,34.490002
2004-10-19,35.439999,35.689999,34.529999,34.639999,22291600,34.639999
2004-10-18,34.32,35.400002,34.110001,35.299999,19801400,35.299999
2004-10-15,34.889999,35.029999,34.41,34.52,19657500,34.52
2004-10-14,34.98,35.150002,34.220001,34.959999,22861600,34.959999
2004-10-13,35.950001,36.279999,34.84,34.959999,49492300,34.959999
2004-10-12,33.709999,34.48,33.599998,34.23,31284000,34.23
2004-10-11,34.400002,34.549999,33.650002,34.02,12664400,34.02
2004-10-08,34.48,35.00,34.099998,34.169998,16152700,34.169998
2004-10-07,34.880001,35.490002,34.720001,34.779999,16233700,34.779999
2004-10-06,34.720001,35.150002,34.509998,34.959999,17118000,34.959999
2004-10-05,34.52,35.00,34.43,34.959999,14934400,34.959999
2004-10-04,35.049999,35.450001,34.73,34.91,21264100,34.91
2004-10-01,34.349998,35.139999,34.119999,35.029999,22100300,35.029999
2004-09-30,33.59,34.490002,33.560001,33.91,25706900,33.91
2004-09-29,32.779999,34.150002,32.77,34.00,30183700,34.00
2004-09-28,32.27,33.00,31.67,32.799999,18218200,32.799999
2004-09-27,32.540001,32.720001,31.65,31.82,15218800,31.82
2004-09-24,33.189999,33.25,32.560001,32.580002,11285600,32.580002
2004-09-23,32.709999,33.330002,32.330002,33.040001,15695100,33.040001
2004-09-22,32.810001,33.75,32.380001,32.470001,22239800,32.470001
2004-09-21,33.349998,33.48,32.799999,33.259998,17063500,33.259998
2004-09-20,32.849998,34.040001,32.849998,33.259998,18702200,33.259998
2004-09-17,33.00,33.50,32.66,33.459999,15049000,33.459999
2004-09-16,32.889999,33.939999,32.52,32.790001,23336100,32.790001
2004-09-15,32.700001,33.400002,32.41,32.900002,16915900,32.900002
2004-09-14,31.620001,33.549999,31.440001,33.200001,28245600,33.200001
2004-09-13,31.01,31.99,31.01,31.870001,17476400,31.870001
2004-09-10,30.24,31.120001,30.209999,31.08,11312500,31.08
2004-09-09,30.200001,30.700001,29.83,30.49,16353800,30.49
2004-09-08,29.610001,30.469999,29.57,30.379999,18660200,30.379999
2004-09-07,29.870001,30.10,29.27,29.639999,16331200,29.639999
2004-09-03,29.75,30.309999,29.27,29.459999,12782700,29.459999
2004-09-02,28.700001,30.16,28.66,29.84,17247700,29.84
2004-09-01,28.389999,29.040001,28.129999,29.01,16668100,29.01
2004-08-31,28.48,28.700001,28.08,28.51,11381700,28.51
2004-08-30,29.07,29.07,28.35,28.459999,12762700,28.459999
2004-08-27,29.43,29.57,29.190001,29.299999,8327500,29.299999
2004-08-26,29.00,29.49,28.959999,29.17,9756000,29.17
2004-08-25,28.360001,29.50,28.209999,29.370001,15518100,29.370001
2004-08-24,28.99,29.08,28.049999,28.41,16537400,28.41
2004-08-23,29.10,29.190001,28.559999,28.629999,13024400,28.629999
2004-08-20,27.879999,28.83,27.83,28.610001,17228700,28.610001
2004-08-19,28.34,28.969999,27.90,28.110001,27657500,28.110001
